dep_red,dep_sd,hyp_red,hyp_sd,fwhm_count,fwhm_sd,da,da_sd,Magnitude_SD,magnitude_skewness,graph_avg_speed,graph_shortest_distance,label
2.0,0.5,0.0,0.0,5.0,0.2661526978116152,160.0,1.3919410907075054,66.6022121568433,-0.03346609288370443,54.087577360713894,81.4171663071841,-2.0
