dep_red,dep_sd,hyp_red,hyp_sd,fwhm_count,fwhm_sd,da,da_sd,Magnitude_SD,magnitude_skewness,label
11.0,0.9921567416492215,0.0,0.0,3.0,0.3310715760281564,170.0,1.5,65.94051870538485,-0.06350784253645016,-2.0
11.0,0.9921567416492215,0.0,0.0,3.0,0.31978378128364354,188.0,1.5360257159305635,64.48723358299361,-0.06759052039171115,-2.0
