dep_red,dep_sd,hyp_red,hyp_sd,fwhm_count,fwhm_sd,da,da_sd,Magnitude_SD,magnitude_skewness,graph_avg_speed,graph_shortest_distance,label
5.0,0.4841229182759271,0.0,0.0,1.0,0.2752118121189891,128.0,1.3228756555322954,64.31217444877133,-0.07298265272581966,30.40751530628593,20.615528128088304,-2.0
