dep_red,dep_sd,hyp_red,hyp_sd,fwhm_count,fwhm_sd,da,da_sd,Magnitude_SD,magnitude_skewness,graph_avg_speed,graph_shortest_distance,label
11.0,1.1110243021644486,207.0,4.19635258289863,3.0,0.31100041349959756,220.0,1.346291201783626,56.96186901962189,-0.03431063505289637,29.460008060252747,21.93171219946131,0.0
