dep_red,dep_sd,hyp_red,hyp_sd,fwhm_count,fwhm_sd,da,da_sd,Magnitude_SD,magnitude_skewness,label
9.0,0.5994789404140899,25.0,1.653594569415369,2.0,0.34666915317227415,240.0,1.5612494995995996,62.372849799205326,-0.06496725934037631,-1.0
323.0,6.343057228182637,685.0,8.01463505095522,2.0,0.35445779099580216,196.0,1.4577379737113252,66.62490056140955,-0.055195012677280254,-1.0
67.0,2.2043990110685496,0.0,0.0,2.0,0.33259600647890275,224.0,1.5761900266148114,65.14161889042666,-0.07432370124160637,-1.0
19.0,1.2686114456365274,1.0,0.33071891388307384,2.0,0.33357620420647677,122.0,1.25,68.95180241171845,-0.05241351807283042,-1.0
10.0,1.0,4.0,0.6614378277661477,2.0,0.3573513685206293,152.0,1.299038105676658,65.68762772162715,-0.05783804294223705,-1.0
83.0,2.912795049432761,0.0,0.0,2.0,0.35431722736327836,180.0,1.4523687548277813,64.91161575144821,-0.0680942911369459,-1.0
12.0,0.9682458365518543,1.0,0.33071891388307384,2.0,0.34693151362446417,228.0,1.6153559979150107,65.00537901344528,-0.06103404991159268,-1.0
4.0,0.5,1.0,0.33071891388307384,2.0,0.34209756805294855,176.0,1.4086784586980805,67.03977729417537,-0.057040174867501466,-1.0
23.0,1.2686114456365274,16.0,1.3228756555322954,2.0,0.33279336996825104,216.0,1.4947825928876748,63.64116858896269,-0.07037886508363465,-1.0
