dep_red,dep_sd,hyp_red,hyp_sd,fwhm_count,fwhm_sd,da,da_sd,Magnitude_SD,magnitude_skewness,graph_avg_speed,graph_shortest_distance,label
7.0,0.6959705453537527,0.0,0.0,1.0,0.2758182561534305,140.0,1.3169567191065923,63.752755271601735,-0.08127040779119049,33.63409754064192,60.81503061257186,1.0
