dep_red,dep_sd,hyp_red,hyp_sd,fwhm_count,fwhm_sd,da,da_sd,Magnitude_SD,magnitude_skewness,graph_avg_speed,graph_shortest_distance,label
1.0,0.33071891388307384,346.0,3.605551275463989,3.0,0.24286543756222248,168.0,1.3169567191065923,57.1063719979512,-0.03299578224135012,51.42907269815642,20.024984394500787,-2.0
