dep_red,dep_sd,hyp_red,hyp_sd,fwhm_count,fwhm_sd,da,da_sd,Magnitude_SD,magnitude_skewness,graph_avg_speed,graph_shortest_distance,label
227.0,3.370367190678191,392.0,6.06217782649107,1.0,0.31711170301738906,218.0,1.3228756555322954,60.92132445904877,-0.0898480218722692,41.12949208705487,40.19950248448356,1.0
