dep_red,dep_sd,hyp_red,hyp_sd,fwhm_count,fwhm_sd,da,da_sd,Magnitude_SD,magnitude_skewness,graph_avg_speed,graph_shortest_distance,label
5.0,0.6959705453537527,17.0,0.9270248108869579,4.0,0.2525433986201304,190.0,1.3919410907075054,48.85509621390288,-0.06945126305347407,54.780091129740725,29.0,-2.0
