dep_red,dep_sd,hyp_red,hyp_sd,fwhm_count,fwhm_sd,da,da_sd,Magnitude_SD,magnitude_skewness,graph_avg_speed,graph_shortest_distance,label
31.0,1.1110243021644486,0.0,0.0,4.0,0.29583004304651594,216.0,1.4947825928876748,64.56223953979404,-0.088964517349899,24.705370988386306,48.60948927181127,1.0
