dep_red,dep_sd,hyp_red,hyp_sd,fwhm_count,fwhm_sd,da,da_sd,Magnitude_SD,magnitude_skewness,label
1.0,0.33071891388307384,0.0,0.0,3.0,0.33904933814257343,130.0,1.346291201783626,66.58597086908117,-0.05664622336314942,-1.0
1.0,0.33071891388307384,0.0,0.0,3.0,0.334202402933915,136.0,1.4142135623730951,68.24044657407588,-0.04719930785072944,-1.0
1.0,0.33071891388307384,0.0,0.0,3.0,0.33824383518496043,132.0,1.3693063937629153,66.8503634513051,-0.053707937533636105,-1.0
1.0,0.33071891388307384,0.0,0.0,3.0,0.3426390612696568,154.0,1.4737282653189494,63.932579145880496,-0.05877828031872912,-1.0
1.0,0.33071891388307384,0.0,0.0,3.0,0.3372638248730825,132.0,1.3693063937629153,66.09557671756448,-0.05577304913563366,-1.0
