dep_red,dep_sd,hyp_red,hyp_sd,fwhm_count,fwhm_sd,da,da_sd,Magnitude_SD,magnitude_skewness,graph_avg_speed,graph_shortest_distance,label
1.0,0.33071891388307384,512.0,3.872983346207417,4.0,0.2667330911804562,190.0,1.3919410907075054,72.78025414215053,-0.005554508548947519,0.0,0.0,-2.0
