dep_red,dep_sd,hyp_red,hyp_sd,fwhm_count,fwhm_sd,da,da_sd,Magnitude_SD,magnitude_skewness,graph_avg_speed,graph_shortest_distance,label
77.0,1.996089927833914,0.0,0.0,3.0,0.3238954049175944,254.0,1.5155444566227676,62.74635026972784,-0.07957426665861293,47.071133239759476,38.58756276314948,-2.0
153.0,3.059309562630104,169.0,4.29934588047996,3.0,0.32722132657606806,216.0,1.299038105676658,63.262531096110365,-0.07554597493346632,47.071133239759476,38.58756276314948,-2.0
125.0,2.7128168017763383,196.0,4.630064794363034,2.0,0.32926741711391744,172.0,1.3635890143294642,62.95991043826562,-0.0745813893805021,47.071133239759476,38.58756276314948,-2.0
115.0,2.4717149916606487,392.0,6.06217782649107,3.0,0.3226628982975,246.0,1.4306903927824497,61.35688382162387,-0.08273095201294314,33.13419779190711,59.20309089123778,-2.0
102.0,2.277608394786075,196.0,4.630064794363034,3.0,0.3402884737939568,154.0,1.3228756555322954,67.2546492795125,-0.0644672648241015,33.13419779190711,59.20309089123778,-2.0
91.0,2.117634293262177,196.0,4.630064794363034,3.0,0.32964003173267903,146.0,1.224744871391589,64.3511819122186,-0.07238328621041124,33.13419779190711,59.20309089123778,-2.0
99.0,2.341874249399399,392.0,6.06217782649107,3.0,0.322885708394501,208.0,1.4086784586980805,62.00938303495377,-0.0789793704881637,47.071133239759476,38.58756276314948,-2.0
112.0,2.537222891273055,169.0,4.29934588047996,3.0,0.32955023368373776,136.0,1.2686114456365274,66.01934920552411,-0.0639086372559115,47.071133239759476,38.58756276314948,-2.0
