dep_red,dep_sd,hyp_red,hyp_sd,fwhm_count,fwhm_sd,da,da_sd,Magnitude_SD,magnitude_skewness,graph_avg_speed,graph_shortest_distance,label
37.0,1.653594569415369,0.0,0.0,4.0,0.3202023170238131,208.0,1.5811388300841898,60.42757869791697,-0.08210469597122677,42.28843840172296,20.024984394500787,-1.0
