dep_red,dep_sd,hyp_red,hyp_sd,fwhm_count,fwhm_sd,da,da_sd,Magnitude_SD,magnitude_skewness,graph_avg_speed,graph_shortest_distance,label
333.0,6.4213997695206615,1156.0,8.5,1.0,0.3129975773993344,198.0,1.2930100540985752,61.49730732710763,-0.08202641398363249,0.0,0.0,-2.0
