dep_red,dep_sd,hyp_red,hyp_sd,fwhm_count,fwhm_sd,da,da_sd,Magnitude_SD,magnitude_skewness,graph_avg_speed,graph_shortest_distance,label
56.0,1.7320508075688772,196.0,4.630064794363034,4.0,0.29149019219803723,178.0,1.25,60.325510124886684,-0.10598928230801427,35.32765442101373,97.8512068574356,-1.0
