dep_red,dep_sd,hyp_red,hyp_sd,fwhm_count,fwhm_sd,da,da_sd,Magnitude_SD,magnitude_skewness,graph_avg_speed,graph_shortest_distance,label
84.0,2.5495097567963922,196.0,4.630064794363034,3.0,0.3206472852336454,132.0,1.2183492931011204,69.43352631820714,-0.04994869264725625,51.816080043534,20.024984394500787,-2.0
