dep_red,dep_sd,hyp_red,hyp_sd,fwhm_count,fwhm_sd,da,da_sd,Magnitude_SD,magnitude_skewness,label
25.0,1.1110243021644486,0.0,0.0,1.0,0.28917981210126015,128.0,1.3228756555322954,63.749082939081994,-0.07311765548391862,-2.0
