dep_red,dep_sd,hyp_red,hyp_sd,fwhm_count,fwhm_sd,da,da_sd,Magnitude_SD,magnitude_skewness,graph_avg_speed,graph_shortest_distance,label
1.0,0.33071891388307384,0.0,0.0,4.0,0.307119505881035,174.0,1.3863170633011772,73.37933131627807,-0.025520251458480407,51.42907269815642,20.024984394500787,-2.0
