dep_red,dep_sd,hyp_red,hyp_sd,fwhm_count,fwhm_sd,da,da_sd,Magnitude_SD,magnitude_skewness,graph_avg_speed,graph_shortest_distance,label
88.0,2.179449471770337,196.0,4.630064794363034,5.0,0.30961522824999427,198.0,1.479019945774904,62.131182206218874,-0.0907113284146872,35.34239662836144,87.68731400539126,-2.0
