dep_red,dep_sd,hyp_red,hyp_sd,fwhm_count,fwhm_sd,da,da_sd,Magnitude_SD,magnitude_skewness,graph_avg_speed,graph_shortest_distance,label
1.0,0.33071891388307384,32.0,0.9682458365518543,2.0,0.2637886170059451,174.0,1.3863170633011772,53.05707517600451,-0.045163845961457824,49.02852381047376,38.58756276314948,-2.0
