dep_red,dep_sd,hyp_red,hyp_sd,fwhm_count,fwhm_sd,da,da_sd,Magnitude_SD,magnitude_skewness,graph_avg_speed,graph_shortest_distance,label
59.0,1.6909686573085854,0.0,0.0,2.0,0.32650596577594065,208.0,1.4086784586980805,62.51543716401895,-0.08762293599419069,29.60154544561889,20.615528128088304,-1.0
