dep_red,dep_sd,hyp_red,hyp_sd,fwhm_count,fwhm_sd,da,da_sd,Magnitude_SD,magnitude_skewness,graph_avg_speed,graph_shortest_distance,label
1.0,0.33071891388307384,17.0,0.9270248108869579,4.0,0.26555813808465795,160.0,1.3919410907075054,43.9914012193913,-0.06845218500395892,74.67464412999998,40.19950248448356,0.0
