dep_red,dep_sd,hyp_red,hyp_sd,fwhm_count,fwhm_sd,da,da_sd,Magnitude_SD,magnitude_skewness,graph_avg_speed,graph_shortest_distance,label
3.0,0.4841229182759271,0.0,0.0,2.0,0.2820105632103545,146.0,1.3863170633011772,63.4066462310301,-0.06481318721592969,42.174421721599764,26.248809496813376,-2.0
