dep_red,dep_sd,hyp_red,hyp_sd,fwhm_count,fwhm_sd,da,da_sd,Magnitude_SD,magnitude_skewness,graph_avg_speed,graph_shortest_distance,label
9.0,0.9921567416492215,7.0,0.9270248108869579,3.0,0.287667567780339,186.0,1.5155444566227676,63.7174486574144,-0.057818788593316454,0.0,0.0,-2.0
