dep_red,dep_sd,hyp_red,hyp_sd,fwhm_count,fwhm_sd,da,da_sd,Magnitude_SD,magnitude_skewness,graph_avg_speed,graph_shortest_distance,label
15.0,0.7806247497997998,0.0,0.0,1.0,0.2855626625225654,166.0,1.4577379737113252,66.22152161866568,-0.06919862582235442,30.40751530628593,20.615528128088304,1.0
