dep_red,dep_sd,hyp_red,hyp_sd,fwhm_count,fwhm_sd,da,da_sd,Magnitude_SD,magnitude_skewness,graph_avg_speed,graph_shortest_distance,label
1.0,0.33071891388307384,7.0,0.8569568250501305,2.0,0.2746047100271023,196.0,1.4577379737113252,52.70557011792959,-0.0350074845979431,33.13419779190711,20.615528128088304,-2.0
