dep_red,dep_sd,hyp_red,hyp_sd,fwhm_count,fwhm_sd,da,da_sd,Magnitude_SD,magnitude_skewness,graph_avg_speed,graph_shortest_distance,label
6.0,0.4330127018922193,18.0,1.118033988749895,1.0,0.2914645277298036,232.0,1.653594569415369,54.127142452677546,-0.04861562784209658,0.0,0.0,-1.0
