dep_red,dep_sd,hyp_red,hyp_sd,fwhm_count,fwhm_sd,da,da_sd,Magnitude_SD,magnitude_skewness,graph_avg_speed,graph_shortest_distance,label
1.0,0.33071891388307384,58.0,1.0,1.0,0.2838094159953197,268.0,1.4577379737113252,44.011008693641,-0.08093462494022312,42.05948168962618,42.05948168962618,-1.0
