dep_red,dep_sd,hyp_red,hyp_sd,fwhm_count,fwhm_sd,da,da_sd,Magnitude_SD,magnitude_skewness,graph_avg_speed,graph_shortest_distance,label
3.0,0.5994789404140899,3.0,0.4841229182759271,7.0,0.1852229471526993,202.0,1.6723860200324565,63.36343271190906,-0.028826564305978495,68.67427709740572,106.6478144657805,-2.0
