dep_red,dep_sd,hyp_red,hyp_sd,fwhm_count,fwhm_sd,da,da_sd,Magnitude_SD,magnitude_skewness,graph_avg_speed,graph_shortest_distance,label
1.0,0.33071891388307384,242.0,4.763139720814412,2.0,0.32983150852856946,240.0,1.5612494995995996,62.67620013635717,-0.0483146686817822,43.37099861316438,20.615528128088304,-2.0
