dep_red,dep_sd,hyp_red,hyp_sd,fwhm_count,fwhm_sd,da,da_sd,Magnitude_SD,magnitude_skewness,graph_avg_speed,graph_shortest_distance,label
14.0,1.0897247358851685,0.0,0.0,5.0,0.27284715972803364,150.0,1.4306903927824497,64.01055135091212,-0.0657773594968822,49.073834803155265,55.24880949681338,-2.0
