dep_red,dep_sd,hyp_red,hyp_sd,fwhm_count,fwhm_sd,da,da_sd,Magnitude_SD,magnitude_skewness,graph_avg_speed,graph_shortest_distance,label
5.0,0.6959705453537527,0.0,0.0,3.0,0.30997512654912945,136.0,1.4142135623730951,67.88147910262904,-0.05698581312534759,51.42907269815642,20.024984394500787,1.0
